Model,FinalReturn,Sharpe,MaxDrawdown
XGBClassifier_fold5,-0.020278069291275735,-0.3275402637942822,0.05581497316226092
LogisticRegression,-0.008750076104321103,-0.23140981356196133,0.03626949242245381
